product name,brand,price_uncleaned
Brooklyns Finest Dad Hat,40s & Shorties,"39,90 EUR"
Scribble Bottle Dad Cap,40s & Shorties,"39,90 EUR"
Unplugged Dad Hat,40s & Shorties,"39,90 EUR"
Leather Trousers,Balmain,2075 EUR
Rugby Shirt,Aimé Leon Dore,"179,90 EUR"
GSM,Asics,"89,90 EUR"
Waffle Knit Mockneck,Aimé Leon Dore,"269,90 EUR"
GT-Cool Xpress,Asics,"144,90 EUR"
Nubby Wool Baseball Jersey,Aimé Leon Dore,"389,90 EUR"
Polar Fleece Kanga Hoodie,Aimé Leon Dore,"159,90 EUR"
Nylon Shorts,Aimé Leon Dore,"164,90 EUR"
Gel-Lyte V,Asics,"119,90 EUR"
x New Era 59Fifty Nubby Wool Cap,Aimé Leon Dore,"119,90 EUR"
Waffle Stitch Beanie,Aimé Leon Dore,"54,90 EUR"
Box Pleated Wide Trouser,Ami,"359,90 EUR"
AMI Half Zip Overshirt,Ami,"299,90 EUR"
Oversized Tee,Ami,169 EUR
Track Pants,Ami,"184,90 EUR"
Printed Crewneck,Ami,179 EUR
Paris Print Crewneck,Ami,179 EUR
Hoodie,Ami,"179,90 EUR"
Nubby Wool Track Jacket,Aimé Leon Dore,"689,90 EUR"
Embroidered Tee,Ami,"84,90 EUR"
AMI Sweatshirt,Ami,"179,90 EUR"
Gel-Kayano Trainer,Asics,"144,90 EUR"
Deep Pile Camper Pants,Aimé Leon Dore,"159,90 EUR"
Waffle Stitch Beanie,Aimé Leon Dore,"54,90 EUR"
NH M-51 Jacket,adidas Originals By Neighborhood,"549,90 EUR"
NH Riders Track Jacket,adidas Originals By Neighborhood,"299,90 EUR"
Stan Smith CF,adidas Originals,"89,90 EUR"
NH Logo Tee,adidas Originals By Neighborhood,"59,90 EUR"
Embroidered Tee,Ami,"84,90 EUR"
Ultra Boost X,adidas Performance,179 EUR
I-5923 NBHD,adidas Originals By Neighborhood,219 EUR
NMD_R1_PK_NBHD,adidas Originals By Neighborhood,219 EUR
x adidas Originals Superstar HS,Hender Scheme,809 EUR
Temple Tit Tee,Aries,"74,90 EUR"
NH Track Shorts,adidas Originals By Neighborhood,"149,90 EUR"
Adibreak Pant,adidas Originals,"69,90 EUR"
M65 Heritage,Alpha Industries Inc,"269,90 EUR"
NH Stadium Jacket,adidas Originals By Neighborhood,"249,90 EUR"
NH Track Pants,adidas Originals By Neighborhood,"149,90 EUR"
Quarzo Fleece Zip Jacket,adidas Skateboarding,"89,90 EUR"
Thanks Trucker,adidas Skateboarding,"29,90 EUR"
Matchcourt PK,adidas Skateboarding,"139,90 EUR"
Campus Vulc II,adidas Skateboarding,"79,90 EUR"
NH Game Jersey,adidas Originals By Neighborhood,"79,90 EUR"
NH Commander Sweater,adidas Originals By Neighborhood,"149,90 EUR"
Clima 3.0 Hood,adidas Skateboarding,"69,90 EUR"
Gazelle Super NBHD,adidas Originals By Neighborhood,199 EUR
Chop Shop NBHD,adidas Originals By Neighborhood,219 EUR
Work Shop Pant,adidas Skateboarding,"84,90 EUR"
x Na-Kel Smith Matchcourt High RX,adidas Skateboarding,"99,90 EUR"
Meade Vest,adidas Skateboarding,"89,90 EUR"
Palace Pro,adidas Skateboarding,"119,90 EUR"
Samba ADV,adidas Skateboarding,"79,90 EUR"
Samba Classic OG,adidas Skateboarding,"109,90 EUR"
Quarzo Fleece Pant,adidas Skateboarding,"79,90 EUR"
Matchcourt High,adidas Skateboarding,"89,90 EUR"
California 2.0 Tee,adidas Skateboarding,"399,90 EUR"
Busenitz RX,adidas Skateboarding,"89,90 EUR"
x Asap Ferg Cap,adidas Skateboarding,"29,90 EUR"
Matchcourt RX,adidas Skateboarding,"84,90 EUR"
x Helas Tee,adidas Skateboarding,"34,90 EUR"
x Helas Jacket,adidas Skateboarding,"89,90 EUR"
City Cup,adidas Skateboarding,"99,90 EUR"
Adi-Ease Premiere,adidas Skateboarding,"64,90 EUR"
x Helas Pant,adidas Skateboarding,"79,90 EUR"
x Helas 4 Panel Cap,adidas Skateboarding,"34,90 EUR"
Adi-Ease,adidas Skateboarding,"79,90 EUR"
Lightweight Track Jacket,adidas Skateboarding,"89,90 EUR"
Classic Wind Pants,adidas Skateboarding,"69,90 EUR"
Busenitz Vulc RX,adidas Skateboarding,"89,90 EUR"
City Cup,adidas Skateboarding,"89,90 EUR"
Lucas Premiere,adidas Skateboarding,"89,90 EUR"
Matchcourt RX,adidas Skateboarding,"79,90 EUR"
City Cup,adidas Skateboarding,"99,90 EUR"
City Cup,adidas Skateboarding,"89,90 EUR"
Matchcourt High RX,adidas Skateboarding,"89,90 EUR"
Samba Classic OG,adidas Skateboarding,"109,90 EUR"
The Map Pack,adidas Skateboarding,"34,90 EUR"
Lucas Premiere,adidas Skateboarding,"89,90 EUR"
x Helas Polo,adidas Skateboarding,"69,90 EUR"
Matchcourt,adidas Skateboarding,"79,90 EUR"
Matchcourt,adidas Skateboarding,"79,90 EUR"
Lucas Premiere PK,adidas Skateboarding,"129,90 EUR"
x Helas Lucas Premiere,adidas Skateboarding,"89,90 EUR"
Adi Ease Premiere,adidas Skateboarding,"79,90 EUR"
Busenitz Vulc,adidas Skateboarding,"79,90 EUR"
Helas Bag,adidas Skateboarding,"74,90 EUR"
Pullover Jacket,adidas Skateboarding,"89,90 EUR"
Matchcourt RX,adidas Skateboarding,"89,90 EUR"
Lucas Premiere PK,adidas Skateboarding,"129,90 EUR"
Hip Jacket,adidas Skateboarding,"74,90 EUR"
Busenitz,adidas Skateboarding,"89,90 EUR"
Fleecepants,adidas Skateboarding,"79,90 EUR"
Jersey,adidas Skateboarding,"69,90 EUR"
Na-Kel Short,adidas Skateboarding,"54,90 EUR"
Na-Kel Jersey,adidas Skateboarding,"44,90 EUR"
Na-Kel 3.0 Hoodie,adidas Skateboarding,"54,90 EUR"
Matchcourt RX,adidas Skateboarding,"89,90 EUR"
Eugene Roller,adidas Skateboarding,"279,90 EUR"
Settend Tee,adidas Spezial,"59,90 EUR"
Lapskaus Track Pants,adidas Spezial,"109,90 EUR"
Spezial Towel,adidas Spezial,"79,90 EUR"
Winterhill SPZL,adidas Spezial,"179,90 EUR"
GT Wensley SPZL,adidas Spezial,"119,90 EUR"
Spiritus SPZL,adidas Spezial,"109,90 EUR"
Padiham SPZL,adidas Spezial,"109,90 EUR"
Intack SPZL,adidas Spezial,"109,90 EUR"
TRX SPZL,adidas Spezial,"119,90 EUR"
Mod Trefoil Crewneck,adidas Spezial,"109,90 EUR"
Super Tobacco SPZL,adidas Spezial,"109,90 EUR"
Na-Kel Tee,adidas Skateboarding,"32,90 EUR"
McCarten SPZL,adidas Spezial,"129,90 EUR"
Livesey Anorak,adidas Spezial,"179,90 EUR"
Indoor Kreft SPZL,adidas Spezial,"99,90 EUR"
Intack Short,adidas Spezial,"79,90 EUR"
Finnington Tee,adidas Spezial,"44,90 EUR"
Hulton SPZL,adidas Spezial,"119,90 EUR"
Cardle Track Top,adidas Spezial,"129,90 EUR"
Hercules Long Sleeve Tee,Aries,"99,90 EUR"
Bumler Smock,adidas Spezial,"249,90 EUR"
Ferg-A-Doodle Long Sleeve Tee,Aries,"99,90 EUR"
Glenbuck SPZL,adidas Spezial,"129,90 EUR"
Cardle Track Pant,adidas Spezial,"119,90 EUR"
3-Stripes Tee,adidas Originals,"59,90 EUR"
3-Stripes Shorts,adidas Originals,"49,90 EUR"
Spiritus SPZL,adidas Spezial,"109,90 EUR"
x Pharrell Williams Polar Track Top,adidas Originals,"99,90 EUR"
x Pharrell Williams Oversized Crewneck,adidas Originals,"99,90 EUR"
x Pharrell Williams Box Tee,adidas Originals,"49,90 EUR"
X Pharrell Williams Loose Dress,adidas Originals,"89,90 EUR"
No Problemo Sweatshirt,Aries,"129,90 EUR"
X Pharrell Williams Fire Bird Pants,adidas Originals,"79,90 EUR"
Poncho Windbreaker,adidas Originals,"69,90 EUR"
Poncho Windbreaker,adidas Originals,"69,90 EUR"
Jacquard Jersey,adidas Originals,"49,90 EUR"
x Pharrell Windbreaker HZ,adidas Originals,"129,90 EUR"
3-Stripes Jacquard Jersey,adidas Originals,"49,90 EUR"
X Pharrell Williams Track Top,adidas Originals,"89,90 EUR"
x Pharrell Williams Body,adidas Originals,"69,90 EUR"
AOP Tee,adidas Originals,"39,90 EUR"
AOP Tee,adidas Originals,"39,90 EUR"
Jacquard 3 Stripes Jersey,adidas Originals,"49,90 EUR"
x Pharrell Windbreaker HZ,adidas Originals,"99,90 EUR"
Trefoil Crewneck,adidas Originals,"59,90 EUR"
Superstar Slip On,adidas Originals,"89,90 EUR"
Stan Smith CF I,adidas Originals,"49,90 EUR"
Superstar Track Top,adidas Originals,"69,90 EUR"
Superstar Slip On,adidas Originals,"89,90 EUR"
Superstar 80s,adidas Originals,"109,90 EUR"
Superstar Slip On W,adidas Originals,"89,90 EUR"
Superstar CF I,adidas Originals,"54,90 EUR"
Superstar Slip On W,adidas Originals,"89,90 EUR"
Superstar,adidas Originals,"99,90 EUR"
Superstar Foundation,adidas Originals,"99,90 EUR"
Superstar,adidas Originals,"99,90 EUR"
Stan Smith,adidas Originals,"89,90 EUR"
Superstar,adidas Originals,"99,90 EUR"
Stan Smith,adidas Originals,"99,90 EUR"
Superstar 80s,adidas Originals,"109,90 EUR"
Stan Smith,adidas Originals,"89,90 EUR"
Stan Smith,adidas Originals,"89,90 EUR"
Stan Smith CF C,adidas Originals,"54,90 EUR"
Stan Smith Bold W,adidas Originals,"109,90 EUR"
Stan Smith CF C,adidas Originals,"54,90 EUR"
Raf Simons Stan Smith,adidas by Raf Simons,"289,90 EUR"
Stan Smith,adidas Originals,"99,90 EUR"
Superstar BW3S Slipon W,adidas Originals,"99,90 EUR"
Stan Smith 80s New Bold W,adidas Originals,"129,90 EUR"
Stan Smith Vulc,adidas Skateboarding,"89,90 EUR"
Stan Smith,adidas Originals,"89,90 EUR"
Superstar 80s CNY,adidas Originals,"109,90 EUR"
W Superstar Slipon,adidas Originals,"89,90 EUR"
